{"cameraMode":{"drawMode":0,"name":"Shaded","section":"Shading Mode"},"sceneLighting":true,"audioPlay":false,"sceneViewState":{"m_AlwaysRefresh":false,"showFog":true,"showSkybox":true,"showFlares":true,"showImageEffects":true,"showParticleSystems":true,"showVisualEffectGraphs":true,"m_FxEnabled":true},"in2DMode":false,"pivot":{"x":2.3049216270446779,"y":4.547143459320068,"z":0.3591764569282532},"rotation":{"x":-0.0032246119808405639,"y":-0.6974900960922241,"z":-0.003138764062896371,"w":0.7165812253952026},"size":0.6674783825874329,"orthographic":true}